"group","osp_status","rf_sim","n","nstocks","nstrategic","pstrategic"
"Dolphins","Non-depleted",0.5,14,14,0,0
"Dolphins","Non-depleted",0.51,14,14,0,0
"Dolphins","Non-depleted",0.52,14,14,0,0
"Dolphins","Non-depleted",0.53,14,14,0,0
"Dolphins","Non-depleted",0.54,14,14,0,0
"Dolphins","Non-depleted",0.55,14,14,0,0
"Dolphins","Non-depleted",0.56,14,14,0,0
"Dolphins","Non-depleted",0.57,14,14,0,0
"Dolphins","Non-depleted",0.58,14,14,0,0
"Dolphins","Non-depleted",0.59,14,14,0,0
"Dolphins","Non-depleted",0.6,14,14,0,0
"Dolphins","Non-depleted",0.61,14,14,0,0
"Dolphins","Non-depleted",0.62,14,14,0,0
"Dolphins","Non-depleted",0.63,14,14,0,0
"Dolphins","Non-depleted",0.64,14,14,0,0
"Dolphins","Non-depleted",0.65,14,14,0,0
"Dolphins","Non-depleted",0.66,14,14,0,0
"Dolphins","Non-depleted",0.67,14,14,0,0
"Dolphins","Non-depleted",0.68,14,14,0,0
"Dolphins","Non-depleted",0.69,14,14,0,0
"Dolphins","Non-depleted",0.7,14,14,0,0
"Dolphins","Non-depleted",0.71,14,14,0,0
"Dolphins","Non-depleted",0.72,14,14,0,0
"Dolphins","Non-depleted",0.73,14,14,0,0
"Dolphins","Non-depleted",0.74,14,14,0,0
"Dolphins","Non-depleted",0.75,14,14,0,0
"Dolphins","Non-depleted",0.76,14,14,0,0
"Dolphins","Non-depleted",0.77,14,14,0,0
"Dolphins","Non-depleted",0.78,14,14,0,0
"Dolphins","Non-depleted",0.79,14,14,0,0
"Dolphins","Non-depleted",0.8,14,14,0,0
"Dolphins","Non-depleted",0.81,14,14,0,0
"Dolphins","Non-depleted",0.82,14,14,0,0
"Dolphins","Non-depleted",0.83,14,14,0,0
"Dolphins","Non-depleted",0.84,14,14,0,0
"Dolphins","Non-depleted",0.85,14,14,0,0
"Dolphins","Non-depleted",0.86,14,14,0,0
"Dolphins","Non-depleted",0.87,14,14,0,0
"Dolphins","Non-depleted",0.88,14,14,0,0
"Dolphins","Non-depleted",0.89,14,14,0,0
"Dolphins","Non-depleted",0.9,14,14,0,0
"Dolphins","Non-depleted",0.91,14,14,0,0
"Dolphins","Non-depleted",0.92,14,14,0,0
"Dolphins","Non-depleted",0.93,14,14,0,0
"Dolphins","Non-depleted",0.94,14,14,0,0
"Dolphins","Non-depleted",0.95,14,14,0,0
"Dolphins","Non-depleted",0.96,14,14,0,0
"Dolphins","Non-depleted",0.97,14,14,0,0
"Dolphins","Non-depleted",0.98,14,14,0,0
"Dolphins","Non-depleted",0.99,14,14,0,0
"Dolphins","Non-depleted",1,14,14,0,0
"Dolphins","Unknown",0.5,32,32,0,0
"Dolphins","Unknown",0.51,32,32,0,0
"Dolphins","Unknown",0.52,32,32,0,0
"Dolphins","Unknown",0.53,32,32,0,0
"Dolphins","Unknown",0.54,32,32,0,0
"Dolphins","Unknown",0.55,32,32,0,0
"Dolphins","Unknown",0.56,32,32,0,0
"Dolphins","Unknown",0.57,32,32,0,0
"Dolphins","Unknown",0.58,32,32,0,0
"Dolphins","Unknown",0.59,32,32,0,0
"Dolphins","Unknown",0.6,32,32,0,0
"Dolphins","Unknown",0.61,32,32,0,0
"Dolphins","Unknown",0.62,32,32,0,0
"Dolphins","Unknown",0.63,32,32,0,0
"Dolphins","Unknown",0.64,32,32,0,0
"Dolphins","Unknown",0.65,32,32,0,0
"Dolphins","Unknown",0.66,32,32,0,0
"Dolphins","Unknown",0.67,32,32,0,0
"Dolphins","Unknown",0.68,32,32,0,0
"Dolphins","Unknown",0.69,32,32,0,0
"Dolphins","Unknown",0.7,32,32,0,0
"Dolphins","Unknown",0.71,32,32,0,0
"Dolphins","Unknown",0.72,32,32,0,0
"Dolphins","Unknown",0.73,32,32,0,0
"Dolphins","Unknown",0.74,32,32,0,0
"Dolphins","Unknown",0.75,32,32,0,0
"Dolphins","Unknown",0.76,32,32,0,0
"Dolphins","Unknown",0.77,32,32,0,0
"Dolphins","Unknown",0.78,32,32,0,0
"Dolphins","Unknown",0.79,32,32,0,0
"Dolphins","Unknown",0.8,32,32,0,0
"Dolphins","Unknown",0.81,32,32,0,0
"Dolphins","Unknown",0.82,32,32,0,0
"Dolphins","Unknown",0.83,32,32,0,0
"Dolphins","Unknown",0.84,32,32,0,0
"Dolphins","Unknown",0.85,32,32,0,0
"Dolphins","Unknown",0.86,32,32,0,0
"Dolphins","Unknown",0.87,32,32,0,0
"Dolphins","Unknown",0.88,32,32,0,0
"Dolphins","Unknown",0.89,32,32,0,0
"Dolphins","Unknown",0.9,32,32,0,0
"Dolphins","Unknown",0.91,32,32,0,0
"Dolphins","Unknown",0.92,32,32,0,0
"Dolphins","Unknown",0.93,32,32,0,0
"Dolphins","Unknown",0.94,32,32,0,0
"Dolphins","Unknown",0.95,32,32,0,0
"Dolphins","Unknown",0.96,32,32,0,0
"Dolphins","Unknown",0.97,32,32,0,0
"Dolphins","Unknown",0.98,32,32,0,0
"Dolphins","Unknown",0.99,32,32,0,0
"Dolphins","Unknown",1,32,32,0,0
"Large whales","Non-depleted",0.5,5,5,0,0
"Large whales","Non-depleted",0.51,5,5,0,0
"Large whales","Non-depleted",0.52,5,5,0,0
"Large whales","Non-depleted",0.53,5,5,0,0
"Large whales","Non-depleted",0.54,5,5,0,0
"Large whales","Non-depleted",0.55,5,5,0,0
"Large whales","Non-depleted",0.56,5,5,0,0
"Large whales","Non-depleted",0.57,5,5,0,0
"Large whales","Non-depleted",0.58,5,5,0,0
"Large whales","Non-depleted",0.59,5,5,0,0
"Large whales","Non-depleted",0.6,5,5,0,0
"Large whales","Non-depleted",0.61,5,5,0,0
"Large whales","Non-depleted",0.62,5,5,0,0
"Large whales","Non-depleted",0.63,5,5,0,0
"Large whales","Non-depleted",0.64,5,5,0,0
"Large whales","Non-depleted",0.65,5,5,0,0
"Large whales","Non-depleted",0.66,5,5,0,0
"Large whales","Non-depleted",0.67,5,5,0,0
"Large whales","Non-depleted",0.68,5,5,0,0
"Large whales","Non-depleted",0.69,5,5,0,0
"Large whales","Non-depleted",0.7,5,5,0,0
"Large whales","Non-depleted",0.71,5,5,0,0
"Large whales","Non-depleted",0.72,5,5,0,0
"Large whales","Non-depleted",0.73,5,5,0,0
"Large whales","Non-depleted",0.74,5,5,0,0
"Large whales","Non-depleted",0.75,5,5,0,0
"Large whales","Non-depleted",0.76,5,5,0,0
"Large whales","Non-depleted",0.77,5,5,0,0
"Large whales","Non-depleted",0.78,5,5,0,0
"Large whales","Non-depleted",0.79,5,5,0,0
"Large whales","Non-depleted",0.8,5,5,0,0
"Large whales","Non-depleted",0.81,5,5,0,0
"Large whales","Non-depleted",0.82,5,5,0,0
"Large whales","Non-depleted",0.83,5,5,0,0
"Large whales","Non-depleted",0.84,5,5,0,0
"Large whales","Non-depleted",0.85,5,5,0,0
"Large whales","Non-depleted",0.86,5,5,0,0
"Large whales","Non-depleted",0.87,5,5,0,0
"Large whales","Non-depleted",0.88,5,5,0,0
"Large whales","Non-depleted",0.89,5,5,0,0
"Large whales","Non-depleted",0.9,5,5,0,0
"Large whales","Non-depleted",0.91,5,5,0,0
"Large whales","Non-depleted",0.92,5,5,0,0
"Large whales","Non-depleted",0.93,5,5,0,0
"Large whales","Non-depleted",0.94,5,5,0,0
"Large whales","Non-depleted",0.95,5,5,0,0
"Large whales","Non-depleted",0.96,5,5,0,0
"Large whales","Non-depleted",0.97,5,5,0,0
"Large whales","Non-depleted",0.98,5,5,0,0
"Large whales","Non-depleted",0.99,5,5,0,0
"Large whales","Non-depleted",1,5,5,0,0
"Large whales","Unknown",0.5,2,2,0,0
"Large whales","Unknown",0.51,2,2,0,0
"Large whales","Unknown",0.52,2,2,0,0
"Large whales","Unknown",0.53,2,2,0,0
"Large whales","Unknown",0.54,2,2,0,0
"Large whales","Unknown",0.55,2,2,0,0
"Large whales","Unknown",0.56,2,2,0,0
"Large whales","Unknown",0.57,2,2,0,0
"Large whales","Unknown",0.58,2,2,0,0
"Large whales","Unknown",0.59,2,2,0,0
"Large whales","Unknown",0.6,2,2,0,0
"Large whales","Unknown",0.61,2,2,0,0
"Large whales","Unknown",0.62,2,2,0,0
"Large whales","Unknown",0.63,2,2,0,0
"Large whales","Unknown",0.64,2,2,0,0
"Large whales","Unknown",0.65,2,2,0,0
"Large whales","Unknown",0.66,2,2,0,0
"Large whales","Unknown",0.67,2,2,0,0
"Large whales","Unknown",0.68,2,2,0,0
"Large whales","Unknown",0.69,2,2,0,0
"Large whales","Unknown",0.7,2,2,0,0
"Large whales","Unknown",0.71,2,2,0,0
"Large whales","Unknown",0.72,2,2,0,0
"Large whales","Unknown",0.73,2,2,0,0
"Large whales","Unknown",0.74,2,2,0,0
"Large whales","Unknown",0.75,2,2,0,0
"Large whales","Unknown",0.76,2,2,0,0
"Large whales","Unknown",0.77,2,2,0,0
"Large whales","Unknown",0.78,2,2,0,0
"Large whales","Unknown",0.79,2,2,0,0
"Large whales","Unknown",0.8,2,2,0,0
"Large whales","Unknown",0.81,2,2,0,0
"Large whales","Unknown",0.82,2,2,0,0
"Large whales","Unknown",0.83,2,2,0,0
"Large whales","Unknown",0.84,2,2,0,0
"Large whales","Unknown",0.85,2,2,0,0
"Large whales","Unknown",0.86,2,2,0,0
"Large whales","Unknown",0.87,2,2,0,0
"Large whales","Unknown",0.88,2,2,0,0
"Large whales","Unknown",0.89,2,2,0,0
"Large whales","Unknown",0.9,2,2,0,0
"Large whales","Unknown",0.91,2,2,0,0
"Large whales","Unknown",0.92,2,2,0,0
"Large whales","Unknown",0.93,2,2,0,0
"Large whales","Unknown",0.94,2,2,0,0
"Large whales","Unknown",0.95,2,2,0,0
"Large whales","Unknown",0.96,2,2,0,0
"Large whales","Unknown",0.97,2,2,0,0
"Large whales","Unknown",0.98,2,2,0,0
"Large whales","Unknown",0.99,2,2,0,0
"Large whales","Unknown",1,2,2,0,0
"Otariids","Non-depleted",0.5,3,3,0,0
"Otariids","Non-depleted",0.51,3,3,0,0
"Otariids","Non-depleted",0.52,3,3,0,0
"Otariids","Non-depleted",0.53,3,3,0,0
"Otariids","Non-depleted",0.54,3,3,0,0
"Otariids","Non-depleted",0.55,3,3,0,0
"Otariids","Non-depleted",0.56,3,3,0,0
"Otariids","Non-depleted",0.57,3,3,0,0
"Otariids","Non-depleted",0.58,3,3,0,0
"Otariids","Non-depleted",0.59,3,3,0,0
"Otariids","Non-depleted",0.6,3,3,0,0
"Otariids","Non-depleted",0.61,3,3,0,0
"Otariids","Non-depleted",0.62,3,3,0,0
"Otariids","Non-depleted",0.63,3,3,0,0
"Otariids","Non-depleted",0.64,3,3,0,0
"Otariids","Non-depleted",0.65,3,3,0,0
"Otariids","Non-depleted",0.66,3,3,0,0
"Otariids","Non-depleted",0.67,3,3,0,0
"Otariids","Non-depleted",0.68,3,3,0,0
"Otariids","Non-depleted",0.69,3,3,0,0
"Otariids","Non-depleted",0.7,3,3,0,0
"Otariids","Non-depleted",0.71,3,3,0,0
"Otariids","Non-depleted",0.72,3,3,0,0
"Otariids","Non-depleted",0.73,3,3,0,0
"Otariids","Non-depleted",0.74,3,3,0,0
"Otariids","Non-depleted",0.75,3,3,0,0
"Otariids","Non-depleted",0.76,3,3,0,0
"Otariids","Non-depleted",0.77,3,3,0,0
"Otariids","Non-depleted",0.78,3,3,0,0
"Otariids","Non-depleted",0.79,3,3,0,0
"Otariids","Non-depleted",0.8,3,3,0,0
"Otariids","Non-depleted",0.81,3,3,0,0
"Otariids","Non-depleted",0.82,3,3,0,0
"Otariids","Non-depleted",0.83,3,3,0,0
"Otariids","Non-depleted",0.84,3,3,0,0
"Otariids","Non-depleted",0.85,3,3,0,0
"Otariids","Non-depleted",0.86,3,3,0,0
"Otariids","Non-depleted",0.87,3,3,0,0
"Otariids","Non-depleted",0.88,3,3,0,0
"Otariids","Non-depleted",0.89,3,3,0,0
"Otariids","Non-depleted",0.9,3,3,0,0
"Otariids","Non-depleted",0.91,3,3,0,0
"Otariids","Non-depleted",0.92,3,3,0,0
"Otariids","Non-depleted",0.93,3,3,0,0
"Otariids","Non-depleted",0.94,3,3,0,0
"Otariids","Non-depleted",0.95,3,3,0,0
"Otariids","Non-depleted",0.96,3,3,0,0
"Otariids","Non-depleted",0.97,3,3,0,0
"Otariids","Non-depleted",0.98,3,3,0,0
"Otariids","Non-depleted",0.99,3,3,0,0
"Otariids","Non-depleted",1,3,3,0,0
"Phocids","Non-depleted",0.5,16,16,0,0
"Phocids","Non-depleted",0.51,16,16,0,0
"Phocids","Non-depleted",0.52,16,16,0,0
"Phocids","Non-depleted",0.53,16,16,0,0
"Phocids","Non-depleted",0.54,16,16,0,0
"Phocids","Non-depleted",0.55,16,16,0,0
"Phocids","Non-depleted",0.56,16,16,0,0
"Phocids","Non-depleted",0.57,16,16,0,0
"Phocids","Non-depleted",0.58,16,16,0,0
"Phocids","Non-depleted",0.59,16,16,0,0
"Phocids","Non-depleted",0.6,16,16,0,0
"Phocids","Non-depleted",0.61,16,16,0,0
"Phocids","Non-depleted",0.62,16,16,0,0
"Phocids","Non-depleted",0.63,16,16,0,0
"Phocids","Non-depleted",0.64,16,16,0,0
"Phocids","Non-depleted",0.65,16,16,0,0
"Phocids","Non-depleted",0.66,16,16,0,0
"Phocids","Non-depleted",0.67,16,16,0,0
"Phocids","Non-depleted",0.68,16,16,0,0
"Phocids","Non-depleted",0.69,16,16,0,0
"Phocids","Non-depleted",0.7,16,16,0,0
"Phocids","Non-depleted",0.71,16,16,0,0
"Phocids","Non-depleted",0.72,16,16,0,0
"Phocids","Non-depleted",0.73,16,16,0,0
"Phocids","Non-depleted",0.74,16,16,0,0
"Phocids","Non-depleted",0.75,16,16,0,0
"Phocids","Non-depleted",0.76,16,16,0,0
"Phocids","Non-depleted",0.77,16,16,0,0
"Phocids","Non-depleted",0.78,16,16,0,0
"Phocids","Non-depleted",0.79,16,16,0,0
"Phocids","Non-depleted",0.8,16,16,0,0
"Phocids","Non-depleted",0.81,16,16,0,0
"Phocids","Non-depleted",0.82,16,16,0,0
"Phocids","Non-depleted",0.83,16,16,0,0
"Phocids","Non-depleted",0.84,16,16,0,0
"Phocids","Non-depleted",0.85,16,16,0,0
"Phocids","Non-depleted",0.86,16,16,0,0
"Phocids","Non-depleted",0.87,16,16,0,0
"Phocids","Non-depleted",0.88,16,16,0,0
"Phocids","Non-depleted",0.89,16,16,0,0
"Phocids","Non-depleted",0.9,16,16,0,0
"Phocids","Non-depleted",0.91,16,16,0,0
"Phocids","Non-depleted",0.92,16,16,0,0
"Phocids","Non-depleted",0.93,16,16,0,0
"Phocids","Non-depleted",0.94,16,16,0,0
"Phocids","Non-depleted",0.95,16,16,0,0
"Phocids","Non-depleted",0.96,16,16,0,0
"Phocids","Non-depleted",0.97,16,16,0,0
"Phocids","Non-depleted",0.98,16,16,0,0
"Phocids","Non-depleted",0.99,16,16,0,0
"Phocids","Non-depleted",1,16,16,0,0
"Phocids","Unknown",0.5,3,3,1,0.333333333333333
"Phocids","Unknown",0.51,3,3,1,0.333333333333333
"Phocids","Unknown",0.52,3,3,1,0.333333333333333
"Phocids","Unknown",0.53,3,3,1,0.333333333333333
"Phocids","Unknown",0.54,3,3,1,0.333333333333333
"Phocids","Unknown",0.55,3,3,1,0.333333333333333
"Phocids","Unknown",0.56,3,3,1,0.333333333333333
"Phocids","Unknown",0.57,3,3,1,0.333333333333333
"Phocids","Unknown",0.58,3,3,1,0.333333333333333
"Phocids","Unknown",0.59,3,3,1,0.333333333333333
"Phocids","Unknown",0.6,3,3,1,0.333333333333333
"Phocids","Unknown",0.61,3,3,1,0.333333333333333
"Phocids","Unknown",0.62,3,3,1,0.333333333333333
"Phocids","Unknown",0.63,3,3,1,0.333333333333333
"Phocids","Unknown",0.64,3,3,1,0.333333333333333
"Phocids","Unknown",0.65,3,3,1,0.333333333333333
"Phocids","Unknown",0.66,3,3,1,0.333333333333333
"Phocids","Unknown",0.67,3,3,1,0.333333333333333
"Phocids","Unknown",0.68,3,3,1,0.333333333333333
"Phocids","Unknown",0.69,3,3,1,0.333333333333333
"Phocids","Unknown",0.7,3,3,1,0.333333333333333
"Phocids","Unknown",0.71,3,3,1,0.333333333333333
"Phocids","Unknown",0.72,3,3,1,0.333333333333333
"Phocids","Unknown",0.73,3,3,1,0.333333333333333
"Phocids","Unknown",0.74,3,3,1,0.333333333333333
"Phocids","Unknown",0.75,3,3,1,0.333333333333333
"Phocids","Unknown",0.76,3,3,1,0.333333333333333
"Phocids","Unknown",0.77,3,3,1,0.333333333333333
"Phocids","Unknown",0.78,3,3,1,0.333333333333333
"Phocids","Unknown",0.79,3,3,1,0.333333333333333
"Phocids","Unknown",0.8,3,3,1,0.333333333333333
"Phocids","Unknown",0.81,3,3,1,0.333333333333333
"Phocids","Unknown",0.82,3,3,1,0.333333333333333
"Phocids","Unknown",0.83,3,3,1,0.333333333333333
"Phocids","Unknown",0.84,3,3,1,0.333333333333333
"Phocids","Unknown",0.85,3,3,0,0
"Phocids","Unknown",0.86,3,3,0,0
"Phocids","Unknown",0.87,3,3,0,0
"Phocids","Unknown",0.88,3,3,0,0
"Phocids","Unknown",0.89,3,3,0,0
"Phocids","Unknown",0.9,3,3,0,0
"Phocids","Unknown",0.91,3,3,0,0
"Phocids","Unknown",0.92,3,3,0,0
"Phocids","Unknown",0.93,3,3,0,0
"Phocids","Unknown",0.94,3,3,0,0
"Phocids","Unknown",0.95,3,3,0,0
"Phocids","Unknown",0.96,3,3,0,0
"Phocids","Unknown",0.97,3,3,0,0
"Phocids","Unknown",0.98,3,3,0,0
"Phocids","Unknown",0.99,3,3,0,0
"Phocids","Unknown",1,3,3,0,0
"Porpoises","Non-depleted",0.5,8,8,1,0.125
"Porpoises","Non-depleted",0.51,8,8,1,0.125
"Porpoises","Non-depleted",0.52,8,8,1,0.125
"Porpoises","Non-depleted",0.53,8,8,1,0.125
"Porpoises","Non-depleted",0.54,8,8,1,0.125
"Porpoises","Non-depleted",0.55,8,8,1,0.125
"Porpoises","Non-depleted",0.56,8,8,1,0.125
"Porpoises","Non-depleted",0.57,8,8,1,0.125
"Porpoises","Non-depleted",0.58,8,8,1,0.125
"Porpoises","Non-depleted",0.59,8,8,1,0.125
"Porpoises","Non-depleted",0.6,8,8,1,0.125
"Porpoises","Non-depleted",0.61,8,8,0,0
"Porpoises","Non-depleted",0.62,8,8,0,0
"Porpoises","Non-depleted",0.63,8,8,0,0
"Porpoises","Non-depleted",0.64,8,8,0,0
"Porpoises","Non-depleted",0.65,8,8,0,0
"Porpoises","Non-depleted",0.66,8,8,0,0
"Porpoises","Non-depleted",0.67,8,8,0,0
"Porpoises","Non-depleted",0.68,8,8,0,0
"Porpoises","Non-depleted",0.69,8,8,0,0
"Porpoises","Non-depleted",0.7,8,8,0,0
"Porpoises","Non-depleted",0.71,8,8,0,0
"Porpoises","Non-depleted",0.72,8,8,0,0
"Porpoises","Non-depleted",0.73,8,8,0,0
"Porpoises","Non-depleted",0.74,8,8,0,0
"Porpoises","Non-depleted",0.75,8,8,0,0
"Porpoises","Non-depleted",0.76,8,8,0,0
"Porpoises","Non-depleted",0.77,8,8,0,0
"Porpoises","Non-depleted",0.78,8,8,0,0
"Porpoises","Non-depleted",0.79,8,8,0,0
"Porpoises","Non-depleted",0.8,8,8,0,0
"Porpoises","Non-depleted",0.81,8,8,0,0
"Porpoises","Non-depleted",0.82,8,8,0,0
"Porpoises","Non-depleted",0.83,8,8,0,0
"Porpoises","Non-depleted",0.84,8,8,0,0
"Porpoises","Non-depleted",0.85,8,8,0,0
"Porpoises","Non-depleted",0.86,8,8,0,0
"Porpoises","Non-depleted",0.87,8,8,0,0
"Porpoises","Non-depleted",0.88,8,8,0,0
"Porpoises","Non-depleted",0.89,8,8,0,0
"Porpoises","Non-depleted",0.9,8,8,0,0
"Porpoises","Non-depleted",0.91,8,8,0,0
"Porpoises","Non-depleted",0.92,8,8,0,0
"Porpoises","Non-depleted",0.93,8,8,0,0
"Porpoises","Non-depleted",0.94,8,8,0,0
"Porpoises","Non-depleted",0.95,8,8,0,0
"Porpoises","Non-depleted",0.96,8,8,0,0
"Porpoises","Non-depleted",0.97,8,8,0,0
"Porpoises","Non-depleted",0.98,8,8,0,0
"Porpoises","Non-depleted",0.99,8,8,0,0
"Porpoises","Non-depleted",1,8,8,0,0
"Porpoises","Unknown",0.5,1,1,0,0
"Porpoises","Unknown",0.51,1,1,0,0
"Porpoises","Unknown",0.52,1,1,0,0
"Porpoises","Unknown",0.53,1,1,0,0
"Porpoises","Unknown",0.54,1,1,0,0
"Porpoises","Unknown",0.55,1,1,0,0
"Porpoises","Unknown",0.56,1,1,0,0
"Porpoises","Unknown",0.57,1,1,0,0
"Porpoises","Unknown",0.58,1,1,0,0
"Porpoises","Unknown",0.59,1,1,0,0
"Porpoises","Unknown",0.6,1,1,0,0
"Porpoises","Unknown",0.61,1,1,0,0
"Porpoises","Unknown",0.62,1,1,0,0
"Porpoises","Unknown",0.63,1,1,0,0
"Porpoises","Unknown",0.64,1,1,0,0
"Porpoises","Unknown",0.65,1,1,0,0
"Porpoises","Unknown",0.66,1,1,0,0
"Porpoises","Unknown",0.67,1,1,0,0
"Porpoises","Unknown",0.68,1,1,0,0
"Porpoises","Unknown",0.69,1,1,0,0
"Porpoises","Unknown",0.7,1,1,0,0
"Porpoises","Unknown",0.71,1,1,0,0
"Porpoises","Unknown",0.72,1,1,0,0
"Porpoises","Unknown",0.73,1,1,0,0
"Porpoises","Unknown",0.74,1,1,0,0
"Porpoises","Unknown",0.75,1,1,0,0
"Porpoises","Unknown",0.76,1,1,0,0
"Porpoises","Unknown",0.77,1,1,0,0
"Porpoises","Unknown",0.78,1,1,0,0
"Porpoises","Unknown",0.79,1,1,0,0
"Porpoises","Unknown",0.8,1,1,0,0
"Porpoises","Unknown",0.81,1,1,0,0
"Porpoises","Unknown",0.82,1,1,0,0
"Porpoises","Unknown",0.83,1,1,0,0
"Porpoises","Unknown",0.84,1,1,0,0
"Porpoises","Unknown",0.85,1,1,0,0
"Porpoises","Unknown",0.86,1,1,0,0
"Porpoises","Unknown",0.87,1,1,0,0
"Porpoises","Unknown",0.88,1,1,0,0
"Porpoises","Unknown",0.89,1,1,0,0
"Porpoises","Unknown",0.9,1,1,0,0
"Porpoises","Unknown",0.91,1,1,0,0
"Porpoises","Unknown",0.92,1,1,0,0
"Porpoises","Unknown",0.93,1,1,0,0
"Porpoises","Unknown",0.94,1,1,0,0
"Porpoises","Unknown",0.95,1,1,0,0
"Porpoises","Unknown",0.96,1,1,0,0
"Porpoises","Unknown",0.97,1,1,0,0
"Porpoises","Unknown",0.98,1,1,0,0
"Porpoises","Unknown",0.99,1,1,0,0
"Porpoises","Unknown",1,1,1,0,0
"Small whales","Non-depleted",0.5,21,21,1,0.0476190476190476
"Small whales","Non-depleted",0.51,21,21,1,0.0476190476190476
"Small whales","Non-depleted",0.52,21,21,1,0.0476190476190476
"Small whales","Non-depleted",0.53,21,21,1,0.0476190476190476
"Small whales","Non-depleted",0.54,21,21,1,0.0476190476190476
"Small whales","Non-depleted",0.55,21,21,1,0.0476190476190476
"Small whales","Non-depleted",0.56,21,21,1,0.0476190476190476
"Small whales","Non-depleted",0.57,21,21,0,0
"Small whales","Non-depleted",0.58,21,21,0,0
"Small whales","Non-depleted",0.59,21,21,0,0
"Small whales","Non-depleted",0.6,21,21,0,0
"Small whales","Non-depleted",0.61,21,21,0,0
"Small whales","Non-depleted",0.62,21,21,0,0
"Small whales","Non-depleted",0.63,21,21,0,0
"Small whales","Non-depleted",0.64,21,21,0,0
"Small whales","Non-depleted",0.65,21,21,0,0
"Small whales","Non-depleted",0.66,21,21,0,0
"Small whales","Non-depleted",0.67,21,21,0,0
"Small whales","Non-depleted",0.68,21,21,0,0
"Small whales","Non-depleted",0.69,21,21,0,0
"Small whales","Non-depleted",0.7,21,21,0,0
"Small whales","Non-depleted",0.71,21,21,0,0
"Small whales","Non-depleted",0.72,21,21,0,0
"Small whales","Non-depleted",0.73,21,21,0,0
"Small whales","Non-depleted",0.74,21,21,0,0
"Small whales","Non-depleted",0.75,21,21,0,0
"Small whales","Non-depleted",0.76,21,21,0,0
"Small whales","Non-depleted",0.77,21,21,0,0
"Small whales","Non-depleted",0.78,21,21,0,0
"Small whales","Non-depleted",0.79,21,21,0,0
"Small whales","Non-depleted",0.8,21,21,0,0
"Small whales","Non-depleted",0.81,21,21,0,0
"Small whales","Non-depleted",0.82,21,21,0,0
"Small whales","Non-depleted",0.83,21,21,0,0
"Small whales","Non-depleted",0.84,21,21,0,0
"Small whales","Non-depleted",0.85,21,21,0,0
"Small whales","Non-depleted",0.86,21,21,0,0
"Small whales","Non-depleted",0.87,21,21,0,0
"Small whales","Non-depleted",0.88,21,21,0,0
"Small whales","Non-depleted",0.89,21,21,0,0
"Small whales","Non-depleted",0.9,21,21,0,0
"Small whales","Non-depleted",0.91,21,21,0,0
"Small whales","Non-depleted",0.92,21,21,0,0
"Small whales","Non-depleted",0.93,21,21,0,0
"Small whales","Non-depleted",0.94,21,21,0,0
"Small whales","Non-depleted",0.95,21,21,0,0
"Small whales","Non-depleted",0.96,21,21,0,0
"Small whales","Non-depleted",0.97,21,21,0,0
"Small whales","Non-depleted",0.98,21,21,0,0
"Small whales","Non-depleted",0.99,21,21,0,0
"Small whales","Non-depleted",1,21,21,0,0
"Small whales","Unknown",0.5,20,20,1,0.05
"Small whales","Unknown",0.51,20,20,1,0.05
"Small whales","Unknown",0.52,20,20,1,0.05
"Small whales","Unknown",0.53,20,20,1,0.05
"Small whales","Unknown",0.54,20,20,1,0.05
"Small whales","Unknown",0.55,20,20,1,0.05
"Small whales","Unknown",0.56,20,20,1,0.05
"Small whales","Unknown",0.57,20,20,1,0.05
"Small whales","Unknown",0.58,20,20,1,0.05
"Small whales","Unknown",0.59,20,20,1,0.05
"Small whales","Unknown",0.6,20,20,1,0.05
"Small whales","Unknown",0.61,20,20,1,0.05
"Small whales","Unknown",0.62,20,20,1,0.05
"Small whales","Unknown",0.63,20,20,1,0.05
"Small whales","Unknown",0.64,20,20,1,0.05
"Small whales","Unknown",0.65,20,20,1,0.05
"Small whales","Unknown",0.66,20,20,1,0.05
"Small whales","Unknown",0.67,20,20,1,0.05
"Small whales","Unknown",0.68,20,20,1,0.05
"Small whales","Unknown",0.69,20,20,1,0.05
"Small whales","Unknown",0.7,20,20,1,0.05
"Small whales","Unknown",0.71,20,20,1,0.05
"Small whales","Unknown",0.72,20,20,1,0.05
"Small whales","Unknown",0.73,20,20,1,0.05
"Small whales","Unknown",0.74,20,20,1,0.05
"Small whales","Unknown",0.75,20,20,1,0.05
"Small whales","Unknown",0.76,20,20,1,0.05
"Small whales","Unknown",0.77,20,20,0,0
"Small whales","Unknown",0.78,20,20,0,0
"Small whales","Unknown",0.79,20,20,0,0
"Small whales","Unknown",0.8,20,20,0,0
"Small whales","Unknown",0.81,20,20,0,0
"Small whales","Unknown",0.82,20,20,0,0
"Small whales","Unknown",0.83,20,20,0,0
"Small whales","Unknown",0.84,20,20,0,0
"Small whales","Unknown",0.85,20,20,0,0
"Small whales","Unknown",0.86,20,20,0,0
"Small whales","Unknown",0.87,20,20,0,0
"Small whales","Unknown",0.88,20,20,0,0
"Small whales","Unknown",0.89,20,20,0,0
"Small whales","Unknown",0.9,20,20,0,0
"Small whales","Unknown",0.91,20,20,0,0
"Small whales","Unknown",0.92,20,20,0,0
"Small whales","Unknown",0.93,20,20,0,0
"Small whales","Unknown",0.94,20,20,0,0
"Small whales","Unknown",0.95,20,20,0,0
"Small whales","Unknown",0.96,20,20,0,0
"Small whales","Unknown",0.97,20,20,0,0
"Small whales","Unknown",0.98,20,20,0,0
"Small whales","Unknown",0.99,20,20,0,0
"Small whales","Unknown",1,20,20,0,0
