"region_orig","fishery","n"
"Atlantic","Atlantic Ocean, Caribbean, Gulf of Mexico large pelagics",1
"Atlantic","Atlantic Ocean, Caribbean, Gulf of Mexico large pelagics drift gillnet",2
"Atlantic","Atlantic Ocean, Caribbean, Gulf of Mexico large pelagics drift gillnet.",1
"Atlantic","Atlantic Ocean, Caribbean, Gulf of Mexico large pelagics longline",26
"Atlantic","Atlantic Ocean, Caribbean, Gulf of Mexico large pelagics longline Trap/pot fisheries—lobster",1
"Atlantic","Atlantic Ocean, Caribbean, Gulf of Mexico large pelagics longline.",1
"Atlantic","Atlantic Ocean, Gulf of Mexico blue crab trap/pot",4
"Atlantic","Atlantic Ocean, Gulf of Mexico, Caribbean commercial passenger fishing vessel",27
"Atlantic","Atlantic Ocean, Gulf of Mexico, Caribbean commercial passenger fishing vessel. Carolina; SC—South Carolina; TX—Texas; WNA—Western North",1
"Atlantic","Atlantic Ocean, Gulf of Mexico, Caribbean shellfish dive, hand/ mechanical collection",1
"Atlantic","Atlantic Ocean, Gulf of Mexico, Caribbean shellfish dive, hand/ mechanical collection.",1
"Atlantic","Atlantic Ocean, Gulf of Mexico, Caribbean shellfish dive, hand/mechanical collection",24
"Atlantic","Atlantic Ocean, Gulf of Mexico, Caribbean shellfish dive, hand/mechanical collection. Gulf of Maine urchin dive, hand/mechanical collection",2
"Atlantic","Atlantic blue crab trap/pot",22
"Atlantic","Atlantic herring midwater trawl (including pair trawl)",6
"Atlantic","Atlantic mixed species trap/pot",22
"Atlantic","Atlantic shellfish bottom trawl",20
"Atlantic","Atlantic squid, mackerel, butterfish trawl",8
"Atlantic","Bluefish, croaker, flounder trawl",4
"Atlantic","Calico scallops trawl",8
"Atlantic","Caribbean beach seine",4
"Atlantic","Caribbean gillnet",22
"Atlantic","Caribbean haul/beach seine",23
"Atlantic","Caribbean hual/beach seine",1
"Atlantic","Caribbean mixed species trap/pot",22
"Atlantic","Caribbean spiny lobster trap/pot",22
"Atlantic","Chesapeake Bay inshore gillnet",28
"Atlantic","Crab trawl",8
"Atlantic","DE River inshore gillnet",17
"Atlantic","Delaware Bay inshore gillnet",8
"Atlantic","Delaware River inshore gillnet",3
"Atlantic","FL West Coast sardine purse seine",16
"Atlantic","FL spiny lobster trap/pot",17
"Atlantic","FL west coast sardine purse seine",1
"Atlantic","Finfish aquaculture",27
"Atlantic","Florida east coast, Gulf of Mexico pelagics king and Spanish mackerel gillnet",3
"Atlantic","Florida east coast, Gulf of Mexico pelagics king and Spanish mackerel gillnet.",1
"Atlantic","Florida spiny lobster trap/pot",5
"Atlantic","Florida west coast sardine purse seine",11
"Atlantic","GA cannonball jellyfish trawl",17
"Atlantic","Georgia, South Carolina, Maryland whelk trawl",8
"Atlantic","Gulf of Maine Atlantic herring purse seine",28
"Atlantic","Gulf of Maine herring and Atlantic mackerel stop seine/ weir",11
"Atlantic","Gulf of Maine herring and Atlantic mackerel stop seine/weir",17
"Atlantic","Gulf of Maine mackerel trawl",1
"Atlantic","Gulf of Maine menhaden purse seine",28
"Atlantic","Gulf of Maine mussel",12
"Atlantic","Gulf of Maine mussel dredge",14
"Atlantic","Gulf of Maine northern shrimp trawl",8
"Atlantic","Gulf of Maine sea urchin dredge",10
"Atlantic","Gulf of Maine small pelagics surface gillnet",4
"Atlantic","Gulf of Maine tub trawl groundfish bottom longline/ hook-and- line.",1
"Atlantic","Gulf of Maine tub trawl groundfish bottom longline/ hook-and-line",4
"Atlantic","Gulf of Maine tub trawl groundfish bottom longline/hook-and-line",1
"Atlantic","Gulf of Maine tub trawl groundfish bottom longline/hook-andline",1
"Atlantic","Gulf of Maine tub trawl groundfish bottom longline/hookand-line",1
"Atlantic","Gulf of Maine urchin dive, hand/mechanical collection",25
"Atlantic","Gulf of Maine urchin dive, hand/mechanical collection .",1
"Atlantic","Gulf of Maine, Mid-Atlantic sea scallop trawl",8
"Atlantic","Gulf of Maine, Southeast U.S. Atlantic coastal shad, sturgeon gillnet (includes waters of North Carolina)",2
"Atlantic","Gulf of Maine, Southeast U.S. Atlantic coastal shad, sturgeon gillnet.",2
"Atlantic","Gulf of Maine, Southern North Atlantic, Gulf of Mexico coastal herring trawl",1
"Atlantic","Gulf of Maine, U.S. Mid-Atlantic sea scallop dredge",24
"Atlantic","Gulf of Maine, U.S. Mid-Atlantic tuna, shark swordfish hook- and-line/harpoon.",1
"Atlantic","Gulf of Maine, U.S. Mid-Atlantic tuna, shark swordfish hook-and-line/ harpoon",1
"Atlantic","Gulf of Maine, U.S. Mid-Atlantic tuna, shark swordfish hook-and-line/harpoon",14
"Atlantic","Gulf of Maine, U.S. Mid-Atlantic tuna, shark swordfish hook-andline/harpoon. Southeastern U.S. Atlantic, Gulf of Mexico, and Caribbean snapper-grouper and other reef fish bottom longline/hook-and-line",2
"Atlantic","Gulf of Maine, U.S. Mid-Atlantic tuna, shark swordfish hookand-line/harpoon",1
"Atlantic","Gulf of Maine, U.S. Mid-Atlantic tuna, shark, swordfish hook-and-line/harpoon",4
"Atlantic","Gulf of Maine, U.S. Mid-Atlantic tuna, shark, swordfish hook-and-line/harpoon.",1
"Atlantic","Gulf of Maine, U.S. Mid-Atlantic tuna, shark, swordfish hook-andline/harpoon",1
"Atlantic","Gulf of Maine, U.S. mid-Atlantic inshore lobster trap/pot",1
"Atlantic","Gulf of Maine, U.S. mid-Atlantic lobster trap/pot",3
"Atlantic","Gulf of Maine, U.S. mid-Atlantic mixed species trap/pot",4
"Atlantic","Gulf of Maine, U.S. mid-Atlantic offshore lobster trap/pot",1
"Atlantic","Gulf of Maine, U.S. mid-Atlantic sea scallop dredge",4
"Atlantic","Gulf of Maine, U.S. mid-Atlantic tuna, shark swordfish hook-and-line/harpoon",1
"Atlantic","Gulf of Maine, U.S. mid-Atlantic tuna, shark swordfish hook-andline/harpoon",1
"Atlantic","Gulf of Maine, U.S. mid-Atlantic tuna, shark swordfish hookand-line/harpoon",1
"Atlantic","Gulf of Maine, U.S. mid-Atlantic, coastal herring trawl",1
"Atlantic","Gulf of Mexico blue crab trap/pot",24
"Atlantic","Gulf of Mexico butterfish trawl",28
"Atlantic","Gulf of Mexico coastal gillnet (includes mullet gillnet fishery in LA and MS)",3
"Atlantic","Gulf of Mexico coastal gillnet (includes mullet gillnet fishery in LA and MS).",1
"Atlantic","Gulf of Mexico gillnet",24
"Atlantic","Gulf of Mexico haul/beach seine",24
"Atlantic","Gulf of Mexico inshore gillnet (black drum, sheepshead, weakfish, mullet, spot, croaker",1
"Atlantic","Gulf of Mexico inshore gillnet (black drum, sheepshead, weakfish, mullet, spot, croaker)",2
"Atlantic","Gulf of Mexico inshore gillnet (black drum, sheepshead, weakfish, mullet, spot, croaker).",1
"Atlantic","Gulf of Mexico menhaden purse seine",28
"Atlantic","Gulf of Mexico mixed species trap/pot",24
"Atlantic","Gulf of Mexico mixed species trawl",22
"Atlantic","Gulf of Mexico mixed species trawl Mid-Atlantic mixed species trawl",2
"Atlantic","Gulf of Mexico, Southeast Atlantic, Mid- Atlantic, and Caribbean cast net",3
"Atlantic","Gulf of Mexico, Southeast Atlantic, Mid-Atlantic and Caribbean cast net",1
"Atlantic","Gulf of Mexico, Southeast Atlantic, Mid-Atlantic, and Caribbean cast net",20
"Atlantic","Long Island Sound inshore gillnet",28
"Atlantic","MA mixed species trap/pot",3
"Atlantic","Mid-Atlantic blue crab dredge",10
"Atlantic","Mid-Atlantic bottom trawl",20
"Atlantic","Mid-Atlantic coastal",1
"Atlantic","Mid-Atlantic coastal gillnet",1
"Atlantic","Mid-Atlantic flynet",4
"Atlantic","Mid-Atlantic gilinet",1
"Atlantic","Mid-Atlantic gillnet",19
"Atlantic","Mid-Atlantic haul seine",2
"Atlantic","Mid-Atlantic haul/beach seine",24
"Atlantic","Mid-Atlantic menhaden purse seine",27
"Atlantic","Mid-Atlantic menhaden purse seine2",1
"Atlantic","Mid-Atlantic mid-water trawl (including pair trawl)",20
"Atlantic","Mid-Atlantic mixed species trap/pot",2
"Atlantic","Mid-Atlantic mixed species trawl",6
"Atlantic","Mid-Atlantic soft-shell clam dredge",10
"Atlantic","Mid-Atlantic whelk dredge",10
"Atlantic","Mid-Atlantic, Southeastern U.S. Atlantic, Gulf of Mexico shrimp trawl",3
"Atlantic","Mid-Atlantic, Southeastern U.S. Atlantic, Gulf of Mexico shrimp trawl.",1
"Atlantic","NC inshore gillnet",17
"Atlantic","NC long haul seine",17
"Atlantic","NC roe mullet stop net",17
"Atlantic","New England and Mid-Atlantic offshore surf clam/quahog dredge",9
"Atlantic","New England multispecies sink gillnet (including species as defined in the Multispecies Fisheries Management Plan and spiny dogfish and monkfish)",1
"Atlantic","North Atlantic bottom trawl",6
"Atlantic","North Atlantic bottom trawl Southeastern U.S. Atlantic, Gulf of Mexico shrimp trawl",2
"Atlantic","North Carolina haul seine",2
"Atlantic","North Carolina inshore gillnet",11
"Atlantic","North Carolina long haul seine",7
"Atlantic","North Carolina roe mullet stop net",11
"Atlantic","Northeast anchored float gillnet",23
"Atlantic","Northeast and Mid-Atlantic fyke net",8
"Atlantic","Northeast bottom trawl",20
"Atlantic","Northeast drift gillnet",24
"Atlantic","Northeast mid-water trawl (including pair trawl)",20
"Atlantic","Northeast multispecies sink gillnet (including species as defined in the Multispecies Fisheries Management Plan and spiny dogfish and monkfish)",1
"Atlantic","Northeast sink gilinet",1
"Atlantic","Northeast sink gillnet",25
"Atlantic","Northeast trap/pot",2
"Atlantic","Northeast/Mid-Atlantic American lobster and Jonah crab trap/pot",1
"Atlantic","Northeast/Mid-Atlantic American lobster trap/ pot",1
"Atlantic","Northeast/Mid-Atlantic American lobster trap/pot",22
"Atlantic","Northeast/Mid-Atlantic bottom longline/hook-and-line",20
"Atlantic","Offshore monkfish bottom gillnet",1
"Atlantic","RI floating trap",13
"Atlantic","RI, southern MA (to Monomoy Island), and NY Bight (Raritan and Lower NY Bays) inshore gillnet",17
"Atlantic","Rhode Island, southern Massachusetts (to Monomoy Island), and New York Bight (Raritan and Lower New York Bays) inshore gillnet",10
"Atlantic","Rhode Island, southern Massachusetts (to Monomoy Island), and New York Bight (Raritan and Lower New York Bays) inshore gillnet.",1
"Atlantic","Shellfish aquaculture",27
"Atlantic","Southeast Atlantic gilinet",1
"Atlantic","Southeast Atlantic gillnet",23
"Atlantic","Southeast Atlantic inshore gillnet",19
"Atlantic","Southeastern U.S. Atlantic coastal gillnet",1
"Atlantic","Southeastern U.S. Atlantic haul/beach seine",17
"Atlantic","Southeastern U.S. Atlantic shark gillnet",24
"Atlantic","Southeastern U.S. Atlantic shark gillnet U.S. Mid-Atlantic coastal gillnet",2
"Atlantic","Southeastern U.S. Atlantic shark gillnet fishery",2
"Atlantic","Southeastern U.S. Atlantic, Caribbean haul seine",4
"Atlantic","Southeastern U.S. Atlantic, Gulf of Mexico & U.S. Mid-Atlantic pelagic hook-and-line/harpoon.",1
"Atlantic","Southeastern U.S. Atlantic, Gulf of Mexico & U.S. mid-Atlantic pelagic hook-and-line/harpoon",3
"Atlantic","Southeastern U.S. Atlantic, Gulf of Mexico coastal shrimp trawl",1
"Atlantic","Southeastern U.S. Atlantic, Gulf of Mexico golden crab trap/ pot",1
"Atlantic","Southeastern U.S. Atlantic, Gulf of Mexico golden crab trap/pot",23
"Atlantic","Southeastern U.S. Atlantic, Gulf of Mexico shark bottom longline/ hook-and-line",4
"Atlantic","Southeastern U.S. Atlantic, Gulf of Mexico shark bottom longline/hook-and-line",23
"Atlantic","Southeastern U.S. Atlantic, Gulf of Mexico shark bottom longline/hook-and-line.",1
"Atlantic","Southeastern U.S. Atlantic, Gulf of Mexico shrimp trawl",21
"Atlantic","Southeastern U.S. Atlantic, Gulf of Mexico snapper-grouper and other reef fish bottom longline/hook-and-line",3
"Atlantic","Southeastern U.S. Atlantic, Gulf of Mexico snapper-grouper and other reef fish bottom longline/hook-and-line.",1
"Atlantic","Southeastern U.S. Atlantic, Gulf of Mexico stone crab trap/ pot",5
"Atlantic","Southeastern U.S. Atlantic, Gulf of Mexico stone crab trap/pot",17
"Atlantic","Southeastern U.S. Atlantic, Gulf of Mexico stone crab trap/pot U.S. Mid-Atlantic eel trap/pot",2
"Atlantic","Southeastern U.S. Atlantic, Gulf of Mexico, Caribbean spiny",1
"Atlantic","Southeastern U.S. Atlantic, Gulf of Mexico, Caribbean spiny lobster trap/pot",2
"Atlantic","Southeastern U.S. Atlantic, Gulf of Mexico, Caribbean spiny lobster trap/pot.",1
"Atlantic","Southeastern U.S. Atlantic, Gulf of Mexico, U.S. Mid-Atlantic pelagic hook-and-line/harpoon",2
"Atlantic","Southeastern U.S. Atlantic, Gulf of Mexico, and Caribbean pelagic hook-and- line/harpoon",2
"Atlantic","Southeastern U.S. Atlantic, Gulf of Mexico, and Caribbean pelagic hook-and-line/harpoon",20
"Atlantic","Southeastern U.S. Atlantic, Gulf of Mexico, and Caribbean snapper-grouper and other reef fish bottom longline/ hook-and-line",7
"Atlantic","Southeastern U.S. Atlantic, Gulf of Mexico, and Caribbean snapper-grouper and other reef fish bottom longline/hook- and-line",2
"Atlantic","Southeastern U.S. Atlantic, Gulf of Mexico, and Caribbean snapper-grouper and other reef fish bottom longline/hook- i and-line",1
"Atlantic","Southeastern U.S. Atlantic, Gulf of Mexico, and Caribbean snapper-grouper and other reef fish bottom longline/hook-and-line",10
"Atlantic","Southeastern U.S. Atlantic, Gulf of Mexico, and Caribbean snappergrouper and other reef fish bottom longline/hook-and-line",1
"Atlantic","Southeastern U.S. Atlantic, Gulf of Mexico, and Caribbean snappergrouper and other reef fish bottom longline/hookand-line",1
"Atlantic","Southeastern U.S. Atlantic, haul/beach seine",7
"Atlantic","U.S. Atlantic large pelagics pair trawl",1
"Atlantic","U.S. Atlantic monkfish trawl",8
"Atlantic","U.S. Atlantic tuna purse seine",23
"Atlantic","U.S. Atlantic tuna purse seine U.S. Mid-Atlantic hand seine",2
"Atlantic","U.S. Atlantic, Gulf of Mexico trotline",16
"Atlantic","U.S. Mid-Atlantic and Southeast U.S. Atlantic black sea bass trap/ pot",2
"Atlantic","U.S. Mid-Atlantic crab stop seine/weir",24
"Atlantic","U.S. Mid-Atlantic eel trap/pot",20
"Atlantic","U.S. Mid-Atlantic eel trap/pot STOP SEINE/WEIR/POUND NET/FLOATING",1
"Atlantic","U.S. Mid-Atlantic hand seine",6
"Atlantic","U.S. Mid-Atlantic mixed species stop po seine/weir/pound net (except the NC roe mullet stop net)",1
"Atlantic","U.S. Mid-Atlantic mixed species stop seine/ weir/pound net (except the NC roe mullet stop net)",1
"Atlantic","U.S. Mid-Atlantic mixed species stop seine/weir/ pound net (except the North Carolina roe mullet stop net)",2
"Atlantic","U.S. Mid-Atlantic mixed species stop seine/weir/pound net (except the NC roe mullet stop net)",14
"Atlantic","U.S. Mid-Atlantic mixed species stop seine/weir/pound net (except the North Carolina roe mullet stop net)",6
"Atlantic","U.S. Mid-Atlantic offshore surf clam and quahog dredge",15
"Atlantic","U.S. Mid-Atlantic/Gulf of Mexico oyster",9
"Atlantic","U.S. Mid-Atlantic/Gulf of Mexico oyster dredge",15
"Atlantic","U.S. mid-Atlantic and Southeast U.S. Atlantic black sea bass trap/pot",3
"Atlantic","U.S. mid-Atlantic and Southeast U.S. Atlantic black sea bass trap/pot.",1
"Atlantic","U.S. mid-Atlantic coastal gillnet",2
"Atlantic","U.S. mid-Atlantic coastal gillnet fishery",2
"Atlantic","U.S. mid-Atlantic crab stop seine/weir",4
"Atlantic","U.S. mid-Atlantic eel trap/pot",4
"Atlantic","U.S. mid-Atlantic hand seine",3
"Atlantic","U.S. mid-Atlantic mixed species stop/seine/weir (except the North Carolina roe mullet stop net)",3
"Atlantic","U.S. mid-Atlantic mixed species stop/seine/weir (except the North Carolina roe mullet stop net).",1
"Atlantic","U.S. mid-Atlantic offshore surfclam and quahog dredge",4
"Atlantic","U.S. mid-Atlantic/Gulf of Mexico oyster",4
"Atlantic","US. Atlantic tuna purse seine",1
"Atlantic","VA pound net",17
"Atlantic","Virginia pound net",7
"Atlantic","Virginia shrimp trawl",1
"Atlantic","finfish aquaculture",1
"Atlantic","shellfish aquaculture",1
"High seas","Atlantic Highly Migratory Species",77
"High seas","Atlantic highly migratory species",3
"High seas","CCAMLR",32
"High seas","Northwest Atlantic",9
"High seas","Northwest Atlantic Bottom Longline",9
"High seas","Northwest Atlantic bottom longline",1
"High seas","Northwest Atlantic permits",1
"High seas","Pacific Highly Migratory Species",98
"High seas","Pacific highly migratory species",5
"High seas","South Pacific Albacore Troll",67
"High seas","South Pacific Tuna Fisheries",41
"High seas","South Pacific albacore troll",3
"High seas","South Pacific tuna fisheries",1
"High seas","Unspecified",6
"High seas","Wester Pacific Pelagic",1
"High seas","Western Pacific Pelagic",73
"High seas","Western Pacific Pelagic (Deep-set component)",3
"High seas","Western Pacific Pelagic (HI Deep-set component)",12
"High seas","Western Pacific Pelagic (HI Deep-set component) permits",1
"High seas","Western Pacific Pelagic (HI Shallow-set component)",12
"High seas","Western Pacific Pelagic (Shallow-set component)",3
"High seas","Western Pacific Pelagic permits",1
"High seas","Western Pacific pelagic",3
"High seas","Western Pacific pelagic (HI Shallow-set component)",1
"High seas","Western and Central Pacific Ocean Tuna Purse Seine",2
"High seas","Western and Central Pacific ocean tuna purse seine",1
"Pacific","AK Aleutian Islands sablefish pot",14
"Pacific","AK Bering  Sea, Aleutian Islands flatfish trawl",1
"Pacific","AK Bering  Sea, Aleutian Islands pollock trawl",1
"Pacific","AK Bering Sea and Aleutian Islands Groundfish Trawl",3
"Pacific","AK Bering Sea and Aleutian Islands groundfish trawl",4
"Pacific","AK Bering Sea sablefish pot",14
"Pacific","AK Bering Sea, Aleutian Islands Atka mackerel trawl",21
"Pacific","AK Bering Sea, Aleutian Islands Greenland turbot longline",21
"Pacific","AK Bering Sea, Aleutian Islands Pacific cod  pot",1
"Pacific","AK Bering Sea, Aleutian Islands Pacific cod longline",20
"Pacific","AK Bering Sea, Aleutian Islands Pacific cod pot",20
"Pacific","AK Bering Sea, Aleutian Islands Pacific cod trawl",21
"Pacific","AK Bering Sea, Aleutian Islands cod longline",1
"Pacific","AK Bering Sea, Aleutian Islands crab pot",21
"Pacific","AK Bering Sea, Aleutian Islands flatfish trawl",19
"Pacific","AK Bering Sea, Aleutian Islands groundfish hand troll and dinglebar troll",6
"Pacific","AK Bering Sea, Aleutian Islands groundfish jig",7
"Pacific","AK Bering Sea, Aleutian Islands groundfish longline/set line (federally regulated waters, including miscellaneous finfish and sablefish)",3
"Pacific","AK Bering Sea, Aleutian Islands halibut longline",7
"Pacific","AK Bering Sea, Aleutian Islands pollock traw",1
"Pacific","AK Bering Sea, Aleutian Islands pollock trawl",19
"Pacific","AK Bering Sea, Aleutian Islands rockfish longline",14
"Pacific","AK Bering Sea, Aleutian Islands rockfish trawl",20
"Pacific","AK Bering Sea, Aleutian Islands sablefish longline",21
"Pacific","AK Bering Sea, Aleutian Islands sablefish pot",7
"Pacific","AK Bering Sea, Aleutian isiands flatfish trawl",1
"Pacific","AK Bering Sea, GOA finfish pot",2
"Pacific","AK Bering Sea, Gulf of Alaska finfish pot",5
"Pacific","AK Bristol Bay drift gillnet",2
"Pacific","AK Bristol Bay salmon drift gillne",1
"Pacific","AK Bristol Bay salmon drift gillnet",25
"Pacific","AK Bristol Bay salmon set gillnet",26
"Pacific","AK Bristol Bay set gillnet",2
"Pacific","AK Cook Inlet drift gillnet",2
"Pacific","AK Cook Inlet salmon drift gillnet",24
"Pacific","AK Cook Inlet salmon purse seine",18
"Pacific","AK Cook Inlet salmon set gilinet",1
"Pacific","AK Cook Inlet salmon set gillnet",27
"Pacific","AK Dungeness crab",13
"Pacific","AK Guif of Alaska Pacific cod longline",1
"Pacific","AK Gulf of Alaska Pacific cod longline",19
"Pacific","AK Gulf of Alaska Pacific cod pot",21
"Pacific","AK Gulf of Alaska Pacific cod trawl",21
"Pacific","AK Gulf of Alaska Pacific. cod longline",1
"Pacific","AK Gulf of Alaska crab pot",21
"Pacific","AK Gulf of Alaska flatfish trawl",21
"Pacific","AK Gulf of Alaska groundfish hand troll and dinglebar troll",7
"Pacific","AK Gulf of Alaska groundfish jig",7
"Pacific","AK Gulf of Alaska groundfish longline/set line (federally regulated waters, including miscellaneous finfish and sablefish)",3
"Pacific","AK Gulf of Alaska groundfish trawl",7
"Pacific","AK Gulf of Alaska halibut longline",21
"Pacific","AK Gulf of Alaska pollock trawl",20
"Pacific","AK Gulf of Alaska rockfish longline",14
"Pacific","AK Gulf of Alaska rockfish trawl",21
"Pacific","AK Gulf of Alaska sablefish longline",21
"Pacific","AK Gulf of Alaska sablefish pot",7
"Pacific","AK Kodiak food/bait herring otter trawl",7
"Pacific","AK Kodiak salmon purse seine",18
"Pacific","AK Kodiak salmon set gillnet",28
"Pacific","AK Kuskokwim, Yukon, Norton Sound, Kotzebue salmon gillnet",28
"Pacific","AK Metlakatia salmon purse seine",1
"Pacific","AK Metlakatla purse seine",2
"Pacific","AK Metlakatla salmon purse seine",20
"Pacific","AK Metlakatla/ Annette Island salmon drift gillnet",2
"Pacific","AK Metlakatla/Annette Island salmon drift gillnet",10
"Pacific","AK North Pacific halibut handline and mechanical jig",12
"Pacific","AK North Pacific halibut handline/hand troll and mechanical jig",8
"Pacific","AK North Pacific halibut,  AK bottom fish, WA/ OR/CA albacore, groundfish, bottom fish, CA halibut non-salmonid troll fisheries",1
"Pacific","AK North Pacific halibut, AK bottom fish, WA, OR, CA albacore, groundfish, bottom fish, CA halibut non-salmonid troll fisheries",5
"Pacific","AK North Pacific halibut, AK bottom fish, WA/ OR/CA albacore, groundfish, bottom fish, CA halibut non-salmonid troll fisheries",3
"Pacific","AK North Pacific halibut, AK bottom fish, WA/OR/ CA albacore, groundfish, bottom fish, CA halibut non-salmonid troll fisheries",1
"Pacific","AK North Pacific halibut, AK bottom fish, WA/OR/CA albacore, groundfish, bottom fish, CA halibut non-salmonid troll fisheries",3
"Pacific","AK North Pacific. halibut handline/hand troll and mechanical jig",1
"Pacific","AK Peninsula/ Aleutian Island salmon set gillnet",1
"Pacific","AK Peninsula/ Aleutian Islands salmon drift gillnet",1
"Pacific","AK Peninsula/ Aleutian Islands salmon set gillnet",1
"Pacific","AK Peninsula/Aleutian Island salmon set gillnet",1
"Pacific","AK Peninsula/Aleutian Islands salmon drfit gillnet",1
"Pacific","AK Peninsula/Aleutian Islands salmon drift gillnet",24
"Pacific","AK Peninsula/Aleutian Islands salmon set gillnet",25
"Pacific","AK Peninsula/Aleutians salmon drift gillnet fishery",2
"Pacific","AK Prince William Sound salmon drift gillnet",26
"Pacific","AK Prince William Sound salmon set gillnet",26
"Pacific","AK Prince William Sound set gillnet",2
"Pacific","AK Prince Williams Sound salmon drift gillnet",1
"Pacific","AK Southeast AK Alaska herring food/bait pound net",1
"Pacific","AK Southeast Alaska crab pot",21
"Pacific","AK Southeast Alaska herring food/bait pound net",3
"Pacific","AK Southeast Alaska salmon drift gillnet",1
"Pacific","AK Southeast Alaska salmon purse seine",1
"Pacific","AK Southeast Alaska shrimp pot",21
"Pacific","AK Southeast herring roe/food/bait pound net",23
"Pacific","AK Southeast salmon drift gillnet",24
"Pacific","AK Southeast salmon purse seine",27
"Pacific","AK State-managed water of Cook Inlet, Kachemak Bay, Prince William Sound, Southeast AK groundfish trawl",1
"Pacific","AK State-managed waters longline/setline (including sablefish, rockfish, lingcod, and miscellaneous finfish)",6
"Pacific","AK State-managed waters of Cook Inlet, Kachemak Bay, Prince William Sound, Southeast AK groundfish trawl",4
"Pacific","AK Yakutat salmon set gillnet",27
"Pacific","AK abalone",21
"Pacific","AK clam",24
"Pacific","AK clam hand shovel",4
"Pacific","AK clam mechanical/hydraulic",1
"Pacific","AK clam mechanical/hydraulic fishery",2
"Pacific","AK clam mehanical/hydraulic",1
"Pacific","AK crustacean pot",7
"Pacific","AK dungeness crab",14
"Pacific","AK food/bait herring trawl",21
"Pacific","AK halibut jig",7
"Pacific","AK halibut longline/set line (State and Federal waters)",13
"Pacific","AK halibut longline/set line (state and Federal waters)",7
"Pacific","AK halibut, longline/set line (state and Federal waters)",1
"Pacific","AK herring spawn on kelp",23
"Pacific","AK herring spawn on kelp pound net",24
"Pacific","AK herring spawn-on-kelp",4
"Pacific","AK miscellaneous finfish beach seine",21
"Pacific","AK miscellaneous finfish handline and mechanical jig",10
"Pacific","AK miscellaneous finfish handline/hand troll and mechanical jig",9
"Pacific","AK miscellaneous finfish otter / beam trawl",3
"Pacific","AK miscellaneous finfish otter or beam trawl",13
"Pacific","AK miscellaneous finfish otter/beam trawl",5
"Pacific","AK miscellaneous finfish pair trawl",7
"Pacific","AK miscellaneous finfish purse seine",19
"Pacific","AK miscellaneous finfish set gillnet",21
"Pacific","AK miscellaneous invergebrates handpick",1
"Pacific","AK miscellaneous invertebrates handpick",6
"Pacific","AK north Pacific halibut, AK bottom fish, WA, OR, CA albacore, groundfish, bottom fish, CA halibut non-salmonid troll",1
"Pacific","AK north Pacific halibut, AK bottom fish, WA, OR, CA albacore, groundfish, bottom fish, CA halibut non-salmonid troll fisheries",4
"Pacific","AK north Pacific halibut, AK bottom fish, WA, OR, CA albacore, groundfish, bottom fish, CA halibut non-salmonid troll fisheries.",1
"Pacific","AK octopus/squid handline",21
"Pacific","AK octopus/squid longline",28
"Pacific","AK octopus/squid pot",24
"Pacific","AK octopus/squid purse seine",21
"Pacific","AK octopus/squid ‘‘other’’",2
"Pacific","AK octopus/squid ≥other≥",1
"Pacific","AK other finfish handline and mechanical jig",2
"Pacific","AK pair trawl",2
"Pacific","AK roe herring and food/bait herring beach seine",27
"Pacific","AK roe herring and food/bait herring gillnet",28
"Pacific","AK roe herring and food/bait herring purse seine",28
"Pacific","AK salmon beach seine",28
"Pacific","AK salmon purse seine (Prince William Sound, Chignik, Alaska Peninsula)",7
"Pacific","AK salmon purse seine (except Southeast Alaska, which is in Category II)",11
"Pacific","AK salmon purse seine (except Southeast Alaska, which is in Category II).",1
"Pacific","AK salmon purse seine (excluding salmon purse seine fisheries listed as Category 11)",1
"Pacific","AK salmon purse seine (excluding salmon purse seine fisheries listed as Category II)",6
"Pacific","AK salmon purse seine (excluding salmon purse seine fisheries listed elsewhere)",2
"Pacific","AK salmon troll",28
"Pacific","AK scallop dredge",7
"Pacific","AK shrimp otter trawl and beam trawl",7
"Pacific","AK shrimp otter trawl and beam trawl (statewide and Cook Inlet)",20
"Pacific","AK shrimp otter trawl and beam trawl (statewide and Cook Inlet).",1
"Pacific","AK shrimp pot, except Southeast",16
"Pacific","AK snail pot",17
"Pacific","AK southeast herring roe/food/bait pound net",1
"Pacific","AK southern Bering Sea, Aleutian Islands and Western Gulf of Alaska sablefish longline/set line (federally regulated waters).",1
"Pacific","AK southern Bering Sea, Aleutian Islands, and Western Gulf of Alaska sablefish longline/set line (federally regulated waters)",3
"Pacific","AK state waters groundfish longline/set line",1
"Pacific","AK state waters sablefish long line/set line",3
"Pacific","AK state-managed waters groundfish longline/ setline (including sablefish, rockfish, and miscellaneous finfish)",1
"Pacific","AK state-managed waters groundfish longline/set line(including sablefish, rockfish, and miscellaneous finfish)",1
"Pacific","AK state-managed waters groundfish longline/setline (including sablefish, rockfish, and miscellaneous finfish)",6
"Pacific","AK state-managed waters longline/setline (including sablefish, rockfish, lingcod, and miscellaneous finfish)",10
"Pacific","AK state-managed waters of Cook Inlet, Kachemak Bay, Prince William Sound, Southeast AK groundfish trawl",15
"Pacific","AK state-managed waters of Cook Inlet, Kachemak Bay, Prince William Sound, Southeast AK groundfish trawl.",1
"Pacific","AK state-managed waters of Prince William Sound groundfish trawl",6
"Pacific","AK statewide miscellaneous finfish pot",9
"Pacific","AK urchin and other fish/shellfish",21
"Pacific","AK yakutat salmon set gillnet",1
"Pacific","AK, WA, OR, CA commercial passenger fishing vessel",8
"Pacific","AK/WA/OR/CA commercial passenger",1
"Pacific","AK/WA/OR/CA commercial passenger fishing vessel",16
"Pacific","Alaska pollock trawl",1
"Pacific","Alaska scallop dredge",3
"Pacific","American Samoa bottomfish",28
"Pacific","American Samoa longline",19
"Pacific","American Samoa tuna troll",28
"Pacific","BAIT PENS: WA/OR/CA bait pens",1
"Pacific","Bering Sea, Aleutian Islands rockfish trawl",1
"Pacific","CA Dungeness crab pot",15
"Pacific","CA Tanner crab pot",1
"Pacific","CA Tanner crab pot fishery",2
"Pacific","CA abalone",18
"Pacific","CA anchovy, mackerel, sardine purse seine",17
"Pacific","CA anchovy, mackerel, tuna purse seine",10
"Pacific","CA anchovy, mackerel,sardine purse seine",1
"Pacific","CA angel shark/halibut and other (>3.5in) species large mesh set gillnet fishery",1
"Pacific","CA angel shark/halibut and other species large mesh",1
"Pacific","CA angel shark/halibut and other species large mesh (>3.5in) set gillnet fishery",1
"Pacific","CA angel shark/halibut and other species large mesh (>3.5in) set gillnet.",1
"Pacific","CA angel shark/halibut and other species large mesh set gillnet",2
"Pacific","CA angel shark/halibut and other species set gillnet (>3.5 in mesh)",1
"Pacific","CA angel shark/halibut and other species set gillnet (>3.5 in. mesh)",4
"Pacific","CA angel shark/halibut and other species set gillnet(> 3.5 in. mesh)",1
"Pacific","CA coonstripe shrimp pot",5
"Pacific","CA coonstripe shrimp, rock crab, tanner crab pot or trap",5
"Pacific","CA dungeness crab pot",1
"Pacific","CA finfish and shellfish live trap/hook-and-line",10
"Pacific","CA hablibut, white seabass, and yellowtail hook and line/handline",1
"Pacific","CA hablibut/white seabass and other species set gillnet (>= 3.5 in mesh)",1
"Pacific","CA halibut bottom trawl",18
"Pacific","CA halibut hook and line/handline",6
"Pacific","CA halibut, white seabass, and yellowtail hook and line/ handline",1
"Pacific","CA halibut, white seabass, and yellowtail hook and line/handline",1
"Pacific","CA halibut/white seabass and other species (≤3.5 set gillnet in mesh)",1
"Pacific","CA halibut/white seabass and other species set gillnet (>3.5 in mesh)",11
"Pacific","CA halibut/white seabass and other species set gillnet (>3.5 in. mesh)",1
"Pacific","CA halibut/white seabass and other species set gillnet (≤3.5 in mesh)",2
"Pacific","CA herring purse seine",10
"Pacific","CA herring set gillnet",2
"Pacific","CA lobster, prawn, shrimp, rock crab, fish pot",12
"Pacific","CA marine shellfish aquaculture",18
"Pacific","CA marine shellfish aquaculture CA salmon enhancement rearing pen",1
"Pacific","CA nearshore finfish live trap/hook-and-line",13
"Pacific","CA nearshore finfish trap",3
"Pacific","CA offshore longline",1
"Pacific","CA pelagic longline",20
"Pacific","CA rock crab pot",10
"Pacific","CA salmon enhancement rearing pen",25
"Pacific","CA sardine purse",1
"Pacific","CA sardine purse seine",9
"Pacific","CA sea cucumber trawl",9
"Pacific","CA sea urchin",19
"Pacific","CA set and drift gillnet fisheries that use a stretched mesh size of 3.5 in or less",9
"Pacific","CA set and drift gillnet fisheries that use a stretched mesh size of 3.5 in or less.",1
"Pacific","CA set and drift gillnet fisheries that use a stretched mesh size of in or less",1
"Pacific","CA set gillnet (mesh size <3.5 in)",14
"Pacific","CA set gillnet (mesh size <3.5 inches)",1
"Pacific","CA shark/bonito longline/set line",5
"Pacific","CA spiny lobster",15
"Pacific","CA spiny lobster, coonstripe shrimp, rock crab, tanner crab pot or trap",1
"Pacific","CA spot prawn pot",16
"Pacific","CA squid dip net",28
"Pacific","CA squid purse seine",28
"Pacific","CA swordfish harpoon",28
"Pacific","CA thresher shark/swordfish drift gillnet (>= 14 in mesh)",1
"Pacific","CA thresher shark/swordfish drift gillnet (≥14 in mesh)",13
"Pacific","CA tuna purse seine",17
"Pacific","CA white seabass enhancement net pens",19
"Pacific","CA white seabass hook and line/handline",6
"Pacific","CA yellowtail, barracuda, and white seabass - drift gillnet fishery (mesh size ≥3.5 in and <14 in)",1
"Pacific","CA yellowtail, barracuda, and white seabass drift gillnet (mesh size >= 3.5 in and < 14 in)",1
"Pacific","CA yellowtail, barracuda, and white seabass drift gillnet (mesh size ≥3.5 in and <14 in)",12
"Pacific","CA yellowtail, barracuda, and white seabass drift gillnet fishery (mesh size > 3.5 inches and < 14 inches)",1
"Pacific","CA yellowtail, barracuda, and white seabass drift gillnet fishery (mesh size >3.5 in and <14 in)",1
"Pacific","CA yellowtail, barracuda, and white seabass drift gillnet fishery (mesh size ≥3.5 in and <14 in)",1
"Pacific","CA yellowtail, barracuda, and white seabass ≥3.5 drift gillnet (mesh size in and <14 in)",1
"Pacific","CA yellowtail, barracuda, white seabass, and tuna drift gillnet fishery (mesh size > 3.5 inches and < 14 inches)",3
"Pacific","CA yellowtail, barracuda, white seabass, and tuna drift gillnet fishery(mesh size > 3.5 inches and < 14 inches)",1
"Pacific","CA/OR coonstripe shrimp pot",5
"Pacific","CA/OR thresher shark/swordfish drift gillnet",4
"Pacific","CA/OR thresher shark/swordfish drift gillnet (≥ 14 in. mesh)",1
"Pacific","CA/OR thresher shark/swordfish drift gillnet (≥14 in mesh)",1
"Pacific","CA/OR thresher shark/swordfish drift gillnet (≥14 in. mesh)",6
"Pacific","CA/OR thresher shark/swordfish drift gillnet fishery",2
"Pacific","CA/OR/WA dive collection",3
"Pacific","CA/OR/WA non-albacore HMS hook and line",3
"Pacific","CA/OR/WA salmon troll",27
"Pacific","CA/WA kelp, seaweed and algae",3
"Pacific","California longline",2
"Pacific","Coastwide scallop dredge",18
"Pacific","Commonwealth of the Northern Mariana Islands bottomfish",28
"Pacific","Commonwealth of the Northern Mariana Islands tuna troll",27
"Pacific","Commonwealth of the Northern Mariana tuna roll",1
"Pacific","Guam bottomfish",28
"Pacific","Guam tuna troll",28
"Pacific","HI ""other""",1
"Pacific","HI Kona crab loop net",18
"Pacific","HI Main Hawaiian Islands deep-sea bottomfish handline",4
"Pacific","HI Main Hawaiian Islands, Northwest Hawaiian Islands deep sea bottomfish",3
"Pacific","HI Main Hawaiian Islands, Northwestern Hawaiian Islands deep sea bottomfish",2
"Pacific","HI aku boat, pole and line",13
"Pacific","HI aku boat, pole, and line",15
"Pacific","HI aquarium collecting",10
"Pacific","HI black coral diving",19
"Pacific","HI bottomfish handline",10
"Pacific","HI bullpen trap",14
"Pacific","HI charter vessel",9
"Pacific","HI coral diving",9
"Pacific","HI crab net",14
"Pacific","HI crab trap",28
"Pacific","HI deep sea bottomfish",9
"Pacific","HI deep-set (tuna target) longline/set line",6
"Pacific","HI deep-set longline",10
"Pacific","HI fish pond",28
"Pacific","HI fish trap",28
"Pacific","HI handpick",28
"Pacific","HI hukilau net",4
"Pacific","HI inshore gillnet",17
"Pacific","HI inshore handline",26
"Pacific","HI inshore purse seine",18
"Pacific","HI kaka line",14
"Pacific","HI kona crab loop net",1
"Pacific","HI lift net",10
"Pacific","HI lobster diving",28
"Pacific","HI lobster tangle net",4
"Pacific","HI lobster trap",28
"Pacific","HI net unclassified",9
"Pacific","HI offshore pen culture",18
"Pacific","HI offshore pen culture OR salmon ranch",1
"Pacific","HI opelu/akule net",18
"Pacific","HI pelagic handline",10
"Pacific","HI purse seine",10
"Pacific","HI rod and reel",10
"Pacific","HI seine net",10
"Pacific","HI shallow-set (swordfish target) longline/ set line",3
"Pacific","HI shallow-set (swordfish target) longline/set line",3
"Pacific","HI shallow-set longline",10
"Pacific","HI shortline",15
"Pacific","HI shrimp trap",28
"Pacific","HI spearfishing",14
"Pacific","HI squiding, spear",14
"Pacific","HI swordfish, tuna, billfish, mahi mahi, wahoo, oceanic",1
"Pacific","HI swordfish, tuna, billfish, mahi mahi, wahoo, oceanic sharks longline/set line",10
"Pacific","HI swordfish, tuna, billfish, mahi mahi, wahoo, oceanic sharks longline/set line.",1
"Pacific","HI throw net, cast net",27
"Pacific","HI throw net, cast net Fishery description",1
"Pacific","HI troll",10
"Pacific","HI trolling, rod and reel",18
"Pacific","HI tuna",9
"Pacific","HI tuna handline",9
"Pacific","HI vertical line",10
"Pacific","HI vertical longline",4
"Pacific","HI ‘‘other’’",7
"Pacific","Hawaii gillnet",10
"Pacific","Hawaii inshore gillnet",1
"Pacific","Hi inshore handline",2
"Pacific","Miscellaneous finfish/groundfish longline/set line",4
"Pacific","OR Dungeness crab pot",16
"Pacific","OR blue shark floating longline",9
"Pacific","OR blue shark floating longline fishery",1
"Pacific","OR salmon ranch",17
"Pacific","OR swordfish floating longline",9
"Pacific","OR swordfish floating longline fishery",1
"Pacific","OR swordfish/blue shark surface longline fishery",1
"Pacific","OR, CA hagfish pot or trap",11
"Pacific","OR/CA hagfish pot or trap",7
"Pacific","OR/CA sea urchin, sea cucumber hand, dive, or mechanical collection",6
"Pacific","Prince William Sound salmon drift gillnet",1
"Pacific","Southeast Alaska salmon drift gillnet",1
"Pacific","Southeast Alaska salmon drift gillnet fishery",2
"Pacific","W/OR/CA bait pens",1
"Pacific","WA (all species) beach seine or drag seine",19
"Pacific","WA Dungeness crab pot",2
"Pacific","WA Grays Harbor salmon drift gillnet (excluding treaty Tribal fishing)",27
"Pacific","WA Grays Harbor salmon drift gillnet (excluding treaty Tribal fishing).",1
"Pacific","WA Puget Sound Dungeness crab pot/trap",14
"Pacific","WA Puget Sound Region salmon dirft gillnet",1
"Pacific","WA Puget Sound Region salmon drift gillnet (includes all included)",1
"Pacific","WA Puget Sound Region salmon drift gillnet (includes all inland waters south of U.S.-Canada border and eastward of the Bonilla-Tatoosh line-Treaty Indian fishing is excluded)",2
"Pacific","WA Puget Sound Region salmon drift gillnet (includes all inland waters south of US-Canada border and eastward of the Bonilla- Tatoosh line treaty Indian fishing is excluded)",2
"Pacific","WA Puget Sound Region salmon drift gillnet (includes all inland waters south of US-Canada border and eastward of the Bonilla- Tatoosh line-Treaty Indian fishing is excluded)",2
"Pacific","WA Puget Sound Region salmon drift gillnet (includes all inland waters south of US-Canada border and eastward of the Bonilla-Tatoosh line-Treaty Indian fishing is excluded)",12
"Pacific","WA Puget Sound Region salmon drift gillnet (includes all inland waters south of US-Canada border and eastward of the Bonilla-Tatoosh line-Treaty Indian fishing is excluded).",1
"Pacific","WA Puget Sound Region salmon drift gillnet (includes all inland waters south of US-Canada border and eastward of the Bonilla-Tatoosh line—Treaty Indian fishing is excluded).",1
"Pacific","WA Puget Sound Region salmon drift gillnet (includes all inland waters south of US-Canada border and eastward of the Bonilla-Tatoosh line—Treaty Indian fishing is excluded). PURSE SEINE FISHERIES",1
"Pacific","WA Puget Sound Region salmon drift gillnet (includes all mland waters south of US-Canada border and eastward of the Bonilla-Tatoosh line-Treaty Indian fishing is excluded)",2
"Pacific","WA Puget Sound Region salmon drift gillnet fishery (includes all inland waters south of US-Canada border and eastward of the Bonilla-Tatoosh line-Treaty Indian fishing is excluded)",1
"Pacific","WA Puget Sound Region salmon drift gillnet fishery (includes all inland waters south of US-Canada border and eastward of the Bonilla-Tatoosh line—Treaty Indian fishing is excluded)",1
"Pacific","WA Puget Sound Region salmon drift gilnet (includes all inland waters south of US-Canada border and eastward of the BonillaTatoosh line-Treaty Indian fishing is excluded)",1
"Pacific","WA Willapa Bay drift gillnet",27
"Pacific","WA Willapa Bay drift gillnet PURSE SEINE, BEACH SEINE, ROUND HAUL, THROW NET AND TANGLE",1
"Pacific","WA coastal Dungeness crab pot",10
"Pacific","WA coastal Dungeness crab pot/trap",4
"Pacific","WA groundfish, bottomfish jig",25
"Pacific","WA herring brush weir",16
"Pacific","WA herring spawn on kelp",14
"Pacific","WA herring spawn-on-kelp",4
"Pacific","WA salmon net pen",1
"Pacific","WA salmon net pens",8
"Pacific","WA salmon purse seine",24
"Pacific","WA salmon reef net",27
"Pacific","WA salmon seine",3
"Pacific","WA shellfish aquaculture",19
"Pacific","WA, CA kelp",11
"Pacific","WA, OR North Pacific halibut longline/set line",11
"Pacific","WA, OR herring, smelt, shad, sturgeon, bottom fish, mullet perch, rockfish gillnet.",1
"Pacific","WA, OR herring, smelt, shad, sturgeon, bottom fish, mullet, perch, rockfish gillnet",10
"Pacific","WA, OR herring, smelt, squid purse seine or lampara",11
"Pacific","WA, OR lower Columbia River (includes tributaries) drift",1
"Pacific","WA, OR lower Columbia River (includes tributaries) drift gillnet",10
"Pacific","WA, OR salmon net pens",11
"Pacific","WA, OR sardine purse seine",1
"Pacific","WA, OR shrimp pot & trap",8
"Pacific","WA, OR shrimp pot and trap",1
"Pacific","WA, OR shrimp pot/trap",2
"Pacific","WA, OR smelt, herring dip net",10
"Pacific","WA, OR, CA crab pot",11
"Pacific","WA, OR, CA groundfish trawl",11
"Pacific","WA, OR, CA groundfish, bottomfish longline set line",1
"Pacific","WA, OR, CA groundfish, bottomfish longline/set line",10
"Pacific","WA, OR, CA sablefish pot",11
"Pacific","WA, OR, CA shrimp trawl",11
"Pacific","WA/CA kelp",14
"Pacific","WA/CA sea urchin, other clam, octopus, oyster, sea cucumber, scallop, ghost shrimp hand, dive, or mechanical collection",1
"Pacific","WA/OR Lower Columbia River salmon seine",9
"Pacific","WA/OR Mainstem Columbia River eulachon gillnet",6
"Pacific","WA/OR Mainstem Columbia River eulchon gillnet",2
"Pacific","WA/OR Mainstream Columbia River eulachon gillnet",1
"Pacific","WA/OR North Pacific halibut longline/set line",7
"Pacific","WA/OR Pacific halibut longline",7
"Pacific","WA/OR bait shrimp, clam hand, dive, or mechanical collection",6
"Pacific","WA/OR herring, anchovy, smelt, squid purse seine or lampara",3
"Pacific","WA/OR herring, smelt, shad, sturgeon, bottom fish, mullet, perch, rockfish gillnet",8
"Pacific","WA/OR herring, smelt, squid purse seine or lampara",14
"Pacific","WA/OR lower Columbia River (includes tributaries) drift gillnet",15
"Pacific","WA/OR lower Columbia River (includes tributaries) drift net",2
"Pacific","WA/OR salmon net pens",8
"Pacific","WA/OR sardine purse seine",17
"Pacific","WA/OR sea urchin, other clam, octopus, oyster, sea cucumber, scallop, ghost shrimp hand, dive, or mechanical collection",17
"Pacific","WA/OR sea urchin, other clam, octopus, oyster, sea cucumber, scallop, ghost shrimp hand, dive, or mechanical collection.",1
"Pacific","WA/OR shellfish aquaculture",9
"Pacific","WA/OR shrimp pot/trap",17
"Pacific","WA/OR smelt, herring dip net",8
"Pacific","WA/OR/CA Pacific halibut longline",3
"Pacific","WA/OR/CA albacore surface hook and line/troll",9
"Pacific","WA/OR/CA bait pens",25
"Pacific","WA/OR/CA crab pot",1
"Pacific","WA/OR/CA groundfish trawl",17
"Pacific","WA/OR/CA groundfish, bottomfish longline/set line",17
"Pacific","WA/OR/CA groundfish/finfish hook and line",3
"Pacific","WA/OR/CA hagfish pot",10
"Pacific","WA/OR/CA hand/mechanical collection",3
"Pacific","WA/OR/CA sablefish pot",17
"Pacific","WA/OR/CA shrimp trawl",17
"Pacific","WA/ORICA bait pens",1
"Pacific","West Coast pelagic longline",2
"Pacific","Western Pacific squid jig",17
"Pacific","Western Pacific. squid jig",1
